firstName,lastName,email,jobTitle,countryCode,companyName
Thomas,Munoz,thomas31@yahoo.com,Operations Manager,ES,
Tamara,Clark,tamara22@yahoo.com,Customer Success Manager,NL,"Sanchez, Holloway and Hernandez"
David,Hoover,hooverd@king.biz,HR Manager,CA,"Kim, Simmons and Lawrence"
Joshua,Pierce,piercej@hughes-sullivan.com,Content Writer,US,"Scott, Jackson and Bass"
Daniel,Walker,walkerd@alvarado-murphy.com,Content Writer,US,Long-Robinson
Megan,Cox,coxm@miller-smith.com,VP of Engineering,US,Allen-Ramirez
Matthew,Holland,hollandm@davis.com,UX Designer,UK,Gomez-Grant
Debbie,Phillips,phillipsd@peters.biz,CTO,ES,Soto-Mathews
Laura,Shaffer,laura53@gmail.com,CEO,,Davis Inc
Natalie,Thomas,thomasn@hill.biz,,SE,"Russell, Cox and Vazquez"
Kimberly,Clark,kimberly.clark@webb.biz,VP of Engineering,US,"Banks, Harper and Pineda"
Karina,Hicks,karina18@hotmail.com,Business Analyst,ES,Warren-Miller
Carlos,Townsend,carlos19@gmail.com,Data Scientist,,
Katie,Peters,katie56@hotmail.com,Operations Manager,ES,"Chambers, Horton and Andrade"
Amanda,Rivers,amanda85@gmail.com,Social Media Manager,SE,"Miles, Odonnell and Mueller"
Elizabeth,Arias,elizabeth.arias@gonzalez.com,Operations Manager,UK,Avery and Sons
Albert,Smith,albert.smith@carney-hill.com,Operations Manager,FR,"Campbell, Jenkins and Parrish"
Tracy,Shelton,sheltont@duncan.biz,UX Designer,US,Walker-Hayes
Jessica,Hernandez,jessica92@yahoo.com,DevOps Engineer,IT,Lopez-Miles
Robert,Baker,robert.baker@brown-zimmerman.com,,ES,"Collins, Singh and Martinez"
Ashley,Rodriguez,ashley36@gmail.com,Account Executive,,"Santiago, Schultz and Thornton"
Adam,Hall,halla@potts.com,,US,Brown-Jones
John,Gardner,john.gardner@pena.com,Account Executive,ES,Rhodes Group
Angela,Mccall,angela.mccall@ball.org,Content Writer,DE,Thomas LLC
Matthew,Mclaughlin,matthew.mclaughlin@brown.com,Operations Manager,US,
Stacy,Welch,stacy.welch@russell.info,DevOps Engineer,DE,
Clayton,Morgan,clayton.morgan@liu-mclaughlin.com,Customer Success Manager,ES,Werner-Collins
Jason,Harris,jason43@gmail.com,Marketing Manager,SE,
Austin,Norton,austin14@hotmail.com,CEO,AU,
Nicole,Ballard,nicole64@gmail.com,Data Scientist,,
Robert,Wells,robert.wells@edwards.org,,SE,Ellison-Estes
Joanne,Ortiz,joanne59@gmail.com,UX Designer,,"Howard, Walsh and Smith"
William,Mejia,william98@gmail.com,,AU,Rodriguez-Kelly
Carrie,Parker,carrie.parker@young.biz,Project Manager,ES,"Mendoza, Morrison and Coleman"
Monica,Baker,bakerm@parsons.com,,,Willis-Swanson
Monica,Bradley,bradleym@james.com,Business Analyst,NL,Williams-Conrad
Rhonda,Leblanc,rhonda93@yahoo.com,QA Engineer,UK,"Alvarez, Stewart and Munoz"
Heather,Peterson,heather.peterson@lyons.net,,,"Roberts, Sanchez and Martinez"
William,Williams,williamsw@thomas.com,,DE,"Stanton, Green and Sanchez"
Emma,Hoffman,emma47@gmail.com,Marketing Manager,FR,"Lucas, Diaz and Woods"
Dylan,Scott,dylan.scott@foster.com,,,Byrd and Sons
Jennifer,Lawson,jennifer40@gmail.com,,DE,Williams-Haynes
John,Mcmillan,mcmillanj@smith.com,Product Manager,US,
Matthew,Gregory,matthew.gregory@lawson-johnson.net,HR Manager,IT,"Sawyer, Wallace and Davis"
Heather,Herrera,heather.herrera@bennett-hernandez.com,Marketing Manager,DE,Cook PLC
Douglas,Aguilar,douglas46@gmail.com,HR Manager,NL,
Joseph,Boone,joseph29@yahoo.com,Marketing Manager,ES,Fox-Dorsey
Sean,Mayo,sean.mayo@hammond-farrell.info,,ES,
Kathleen,Clark,kathleen.clark@graham-hess.net,Marketing Manager,FR,Hall PLC
Dylan,Barnes,barnesd@jones-ellis.com,,AU,"Quinn, Elliott and Lamb"
